[
    {
        "id": 4,
        "name": "Patricia Lebsack",
        "username": "Karianne",
        "email": "Julianne.OConner@kory.org",
        "phone": "123451234",
        "website": "kale.biz",
        "extension": "jpg"
    },
    {
        "id": 5,
        "name": "Chelsey Dietrich",
        "username": "Kamren",
        "email": "Lucio_Hettinger@annie.ca",
        "phone": "453218563",
        "website": "demarco.info",
        "extension": "jpg"
    },
    {
        "id": 6,
        "name": "Mrs. Dennis Schulist",
        "username": "Leopoldo_Corkery",
        "email": "Karley_Dach@jasper.info",
        "phone": "1078412367",
        "website": "ola.org",
        "extension": "jpg"
    },
    {
        "id": 7,
        "name": "Kurtis Weissnat",
        "username": "Elwyn.Skiles",
        "email": "Telly.Hoeger@billy.biz",
        "phone": "210.067.6132",
        "website": "elvis.io"
    },
    {
        "id": 8,
        "name": "Nicholas Runolfsdottir V",
        "username": "Maxime_Nienow",
        "email": "Sherwood@rosamond.me",
        "phone": "586.493.6943 x140",
        "website": "jacynthe.com"
    },
    {
        "id": 9,
        "name": "Glenna Reichert",
        "username": "Delphine",
        "email": "Chaim_McDermott@dana.io",
        "phone": "(775)976-6794 x41206",
        "website": "conrad.com"
    },
    {
        "id": 10,
        "name": "Clementina DuBuque",
        "username": "Moriah.Stanton",
        "email": "Rey.Padberg@karina.biz",
        "phone": "024-648-3804",
        "website": "ambrose.net"
    },
    {
        "name": "John Doe",
        "username": "john22",
        "email": "",
        "phone": "12345",
        "website": "",
        "id": 1879571,
        "extension": "jpg"
    }
]